session_id,trial_idx,start_frame,end_frame,label,notes
11/13/25,0,3728,4053,right_big_loop,
11/13/25,1,4178,4476,right_big_loop,
11/13/25,2,4637,5068,left_big_loop,
11/13/25,3,5251,6466,non_characteristic,
11/13/25,4,6586,7116,non_characteristic,
11/13/25,5,7213,7547,left_big_loop,
11/13/25,6,7718,8117,left_big_loop,
11/13/25,7,8451,8882,right_inverse_small_loop,
11/13/25,8,9044,9965,non_characteristic,
11/13/25,9,10078,10259,right_inverse_small_loop,
11/13/25,10,10391,10917,non_characteristic,
11/13/25,11,10995,11425,right_big_loop,
11/13/25,12,11561,12209,left_big_loop,
11/13/25,13,12326,12822,non_characteristic,
11/13/25,14,12954,13377,right_big_loop,
11/13/25,15,13448,14004,non_characteristic,
11/13/25,16,14168,15450,non_characteristic,
11/13/25,17,15581,15946,right_big_loop,
11/13/25,18,16058,16496,left_small_loop,
11/13/25,19,16720,17059,right_big_loop,
11/13/25,20,17172,17405,right_big_loop,
11/13/25,21,17498,17749,right_big_loop,
11/13/25,22,18200,18418,non_characteristic,
11/13/25,23,18492,19265,non_characteristic,
11/13/25,24,19394,19845,non_characteristic,
11/13/25,25,19931,20975,non_characteristic,
11/13/25,26,21207,21420,left_big_loop,
11/13/25,27,21908,22171,right_big_loop,
11/13/25,28,22295,22526,left_small_loop,
11/13/25,29,23204,23381,right_inverse_small_loop,
11/13/25,30,23628,23775,right_big_loop,
11/13/25,31,23887,24054,non_characteristic,
11/13/25,32,24156,24368,right_big_loop,
11/13/25,33,24491,24788,non_characteristic,
11/13/25,34,24877,25062,right_big_loop,
11/13/25,35,25247,25504,non_characteristic,
11/13/25,36,25620,25694,non_characteristic,
11/13/25,37,25776,25958,non_characteristic,
11/13/25,38,26098,26386,left_big_loop,
11/13/25,39,26451,27453,non_characteristic,
11/13/25,40,28037,28906,non_characteristic,
11/13/25,41,29027,29167,non_characteristic,
11/13/25,42,29277,29424,left_big_loop,
11/13/25,43,29545,29668,non_characteristic,
11/13/25,44,30034,30717,non_characteristic,
11/13/25,45,31122,31208,non_characteristic,
11/13/25,46,31272,31699,non_characteristic,
11/13/25,47,31847,32048,non_characteristic,
11/13/25,48,32196,32582,left_small_loop,
11/13/25,49,33508,33911,non_characteristic,
11/13/25,50,35074,35141,non_characteristic,
11/13/25,51,35323,35748,non_characteristic,
11/13/25,52,35844,35990,non_characteristic,
11/13/25,53,36197,36471,right_big_loop,
11/13/25,54,36598,36711,non_characteristic,
11/13/25,55,36947,37549,non_characteristic,
11/13/25,56,38181,38275,non_characteristic,
11/13/25,57,38345,39289,non_characteristic,
11/13/25,58,39459,39485,non_characteristic,
11/13/25,59,39607,39687,non_characteristic,
11/13/25,60,39779,39966,left_small_loop,
11/13/25,61,40045,40576,non_characteristic,
11/13/25,62,40688,40826,right_big_loop,
11/13/25,63,40976,41130,non_characteristic,
11/13/25,64,41266,41330,non_characteristic,
11/13/25,65,42390,42532,non_characteristic,
11/13/25,66,42645,42877,non_characteristic,
11/13/25,67,42989,43507,left_big_loop,
11/13/25,68,43684,43939,left_big_loop,
11/13/25,69,44626,44902,right_inverse_small_loop,
11/13/25,70,45035,45394,left_small_loop,
11/13/25,71,45760,46137,left_big_loop,
11/13/25,72,46346,46476,non_characteristic,
11/13/25,73,46586,46700,non_characteristic,
11/13/25,74,46791,47047,non_characteristic,
11/13/25,75,47453,47593,left_big_loop,
11/13/25,76,47722,48050,non_characteristic,
11/13/25,77,48159,48225,non_characteristic,
11/13/25,78,48340,48726,right_big_loop,
11/13/25,79,48854,49067,non_characteristic,
11/13/25,80,49126,49788,non_characteristic,
11/13/25,81,49982,50229,right_big_loop,
11/13/25,82,50375,50555,left_big_loop,
11/13/25,83,50950,51591,non_characteristic,
11/13/25,84,51726,52167,non_characteristic,
11/13/25,85,52329,52460,non_characteristic,
11/13/25,86,53349,53695,non_characteristic,
11/13/25,87,54118,54579,left_big_loop,
11/13/25,88,54692,55955,non_characteristic,
11/13/25,89,57046,57456,left_small_loop,
11/13/25,89,57046,57456,left_small_loop,
11/25/25,0,2332,2528,right_big_loop,
11/25/25,1,2677,3520,non_characteristic,
11/25/25,2,3693,4720,non_characteristic,
11/25/25,3,5069,5526,left_big_loop,
11/25/25,4,5653,5975,right_big_loop,
11/25/25,5,6247,6551,right_small_loop,
11/25/25,6,6680,6964,non_characteristic,
11/25/25,7,9216,9433,right_big_loop,
11/25/25,8,9560,10269,non_characteristic,
11/25/25,9,10533,11336,non_characteristic,
11/25/25,10,11490,11744,non_characteristic,
11/25/25,11,11950,12386,left_big_loop,
11/25/25,12,12644,13131,right_inverse_small_loop,
11/25/25,13,13167,13431,right_big_loop,
11/25/25,14,13570,14017,right_big_loop,
11/25/25,15,14906,15193,right_small_loop,
11/25/25,16,15656,15919,right_big_loop,
11/25/25,17,15983,16065,non_characteristic,
11/25/25,18,16218,16945,left_small_loop,
11/25/25,19,20099,20286,right_small_loop,
11/25/25,20,20371,20606,right_big_loop,
11/25/25,21,20743,20937,right_big_loop,
11/25/25,22,21157,21353,right_big_loop,
11/25/25,23,21469,21774,right_big_loop,
11/25/25,24,21909,22140,right_big_loop,
11/25/25,25,22250,22870,non_characteristic,
11/25/25,26,22933,24997,non_characteristic,
11/25/25,27,25126,25889,non_characteristic,
11/25/25,28,26172,26808,non_characteristic,
11/25/25,29,26932,27691,non_characteristic,
11/25/25,30,27859,28087,right_big_loop,
11/25/25,31,28432,29671,non_characteristic,
11/25/25,32,29879,30221,right_big_loop,
11/25/25,33,31721,34802,non_characteristic,
11/25/25,34,34934,38114,non_characteristic,
11/25/25,35,38367,39228,non_characteristic,
11/25/25,36,39454,39745,right_inverse_small_loop,
11/25/25,37,41051,42535,non_characteristic,
11/25/25,38,42746,43658,non_characteristic,
11/25/25,39,43852,47658,non_characteristic,
11/25/25,40,47904,48150,right_big_loop,
11/25/25,41,50535,50928,right_big_loop,
11/25/25,42,51489,52959,non_characteristic,
11/25/25,43,53097,54401,non_characteristic,
11/25/25,44,56392,57407,non_characteristic,
11/25/25,44,56392,57407,non_characteristic,
11/6/25,0,1630,1996,left_big_loop,
11/6/25,1,2192,2356,right_small_loop,
11/6/25,2,2653,2947,left_big_loop,
11/6/25,3,3060,3176,left_small_loop,
11/6/25,4,3424,3644,left_small_loop,
11/6/25,5,3855,4288,non_characteristic,
11/6/25,6,4448,4922,left_small_loop,
11/6/25,7,5190,5380,left_small_loop,
11/6/25,8,5564,5856,right_big_loop,
11/6/25,9,6053,6313,left_big_loop,
11/6/25,10,6720,7457,non_characteristic,
11/6/25,11,7639,7775,right_big_loop,
11/6/25,12,7872,8031,right_big_loop,
11/6/25,13,8190,8469,right_small_loop,
11/6/25,14,8817,9130,right_big_loop,
11/6/25,15,9209,9328,right_big_loop,
11/6/25,16,9426,9728,right_big_loop,
11/6/25,17,9839,10057,left_small_loop,
11/6/25,18,10271,10453,right_big_loop,
11/6/25,19,10591,10714,right_big_loop,
11/6/25,20,11044,11304,right_big_loop,
11/6/25,21,11470,11784,right_small_loop,
11/6/25,21,11470,11784,left_small_loop,
11/6/25,22,12021,12214,right_inverse_small_loop,
11/6/25,23,12353,12519,right_inverse_small_loop,
11/6/25,24,12705,13126,left_big_loop,
11/6/25,25,13245,13352,right_inverse_small_loop,
11/6/25,26,13461,13599,left_small_loop,
11/6/25,27,13849,14246,non_characteristic,
11/6/25,28,14479,14663,left_inverse_small_loop,
11/6/25,29,14723,15335,non_characteristic,
11/6/25,30,15431,15957,left_big_loop,
11/6/25,31,16198,16650,left_big_loop,
11/6/25,32,16890,16993,non_characteristic,
11/6/25,33,17050,17432,left_big_loop,
11/6/25,34,17624,17688,non_characteristic,
11/6/25,35,17754,18400,non_characteristic,
11/6/25,36,18551,18808,right_big_loop,
11/6/25,37,18907,19336,left_big_loop,
11/6/25,38,19808,19870,non_characteristic,
11/6/25,39,19919,20470,non_characteristic,
11/6/25,40,20665,20796,right_inverse_small_loop,
11/6/25,41,20938,21996,non_characteristic,
11/6/25,42,23301,24000,non_characteristic,
11/6/25,43,27165,27424,left_big_loop,
11/6/25,44,27520,27646,left_small_loop,
11/6/25,45,27847,28054,right_big_loop,
11/6/25,46,28170,28506,non_characteristic,
11/6/25,47,28826,29802,non_characteristic,
11/6/25,48,30065,30282,left_small_loop,
11/6/25,49,30485,30739,left_big_loop,
11/6/25,50,30872,31343,non_characteristic,
11/6/25,51,31460,31586,right_inverse_small_loop,
11/6/25,52,31739,31939,non_characteristic,
11/6/25,53,32029,32154,right_big_loop,
11/6/25,54,32333,32541,left_big_loop,
11/6/25,55,32655,33280,non_characteristic,
11/6/25,56,33362,34193,non_characteristic,
11/6/25,57,34308,34448,left_small_loop,
11/6/25,58,34685,34956,right_inverse_small_loop,
11/6/25,59,35124,35195,non_characteristic,
11/6/25,60,35751,36076,left_big_loop,
11/6/25,61,36207,36461,right_inverse_small_loop,
11/6/25,62,36943,37089,non_characteristic,
11/6/25,63,37304,37427,non_characteristic,
11/6/25,64,37507,37917,non_characteristic,
11/6/25,65,38035,38437,right_small_loop,
11/6/25,66,38739,39116,left_big_loop,
11/6/25,67,39246,39378,left_small_loop,
11/6/25,68,39662,39695,non_characteristic,
11/6/25,69,39880,40233,right_small_loop,
11/6/25,70,41292,41581,left_big_loop,
11/6/25,71,41959,42301,non_characteristic,
11/6/25,72,42455,42692,left_big_loop,
11/6/25,73,42849,43069,right_big_loop,
11/6/25,74,43195,43922,non_characteristic,
11/6/25,75,44135,44325,right_big_loop,
11/6/25,76,44627,44766,non_characteristic,
11/6/25,77,45274,45433,left_small_loop,
11/6/25,78,47232,47389,right_big_loop,
11/6/25,79,47538,49364,non_characteristic,
11/6/25,80,49508,49646,right_big_loop,
11/6/25,81,49983,50434,non_characteristic,
11/6/25,82,50711,51572,non_characteristic,
11/6/25,83,51658,51879,non_characteristic,
11/6/25,84,52081,52210,non_characteristic,
11/6/25,85,52432,52782,non_characteristic,
11/6/25,86,52890,53267,non_characteristic,
11/6/25,87,53378,53468,non_characteristic,
11/6/25,88,53536,54124,non_characteristic,
11/6/25,89,54285,54498,left_small_loop,
11/6/25,90,54868,55334,non_characteristic,
11/6/25,91,55458,55533,non_characteristic,
11/6/25,92,55666,55789,non_characteristic,
11/6/25,93,55970,56460,left_big_loop,
11/6/25,94,56659,57180,non_characteristic,
11/6/25,95,57304,57478,right_big_loop,
11/6/25,96,57591,58380,non_characteristic,
11/6/25,97,58567,60114,non_characteristic,
11/6/25,98,61002,61449,non_characteristic,
11/6/25,99,61561,61641,non_characteristic,
11/6/25,100,61875,61959,non_characteristic,
11/6/25,101,62032,62171,right_big_loop,
11/6/25,102,62313,62635,non_characteristic,
11/6/25,103,62756,63251,non_characteristic,
11/6/25,104,63437,63764,non_characteristic,
11/6/25,105,64124,64462,left_big_loop,
11/6/25,106,64564,64648,non_characteristic,
11/6/25,107,64780,66165,non_characteristic,
11/6/25,108,66430,66887,non_characteristic,
11/6/25,109,67038,67559,non_characteristic,
11/6/25,110,67696,67939,non_characteristic,
11/6/25,111,68029,68621,non_characteristic,
11/6/25,112,68719,68869,non_characteristic,
11/6/25,113,69070,69370,right_inverse_small_loop,
11/6/25,114,69525,69762,left_small_loop,
11/6/25,115,69934,70065,non_characteristic,
11/6/25,116,70189,70338,left_small_loop,
11/6/25,117,70759,71124,right_big_loop,
11/6/25,118,71308,71356,non_characteristic,
11/6/25,119,71458,71670,left_small_loop,
11/6/25,120,72044,72162,non_characteristic,
11/6/25,121,72352,72429,non_characteristic,
11/6/25,122,72712,72903,non_characteristic,
11/6/25,123,72978,73253,right_big_loop,
11/6/25,124,73608,73748,non_characteristic,
11/6/25,125,73919,74363,non_characteristic,
11/6/25,125,73919,74363,non_characteristic,
11/21/25,88,54628,54968,left_inverse_small_loop,
